1.30,,1781481370795
1.80,,1781481370796
0.70,,1781481370796
-0.60,,1781481370796
-0.90,,1781481370796
-0.70,,1781481370797
0.00,,1781481370797
0.20,,1781481370797
-0.20,,1781481370797
-0.70,,1781481370797
-0.60,,1781481370797
-0.40,,1781481370797
-0.60,,1781481370797
-0.20,,1781481370797
-0.20,,1781481370798
0.00,,1781481370798
-0.20,,1781481370798
0.00,,1781481370798
-0.40,,1781481370798
0.20,,1781481370798
-0.20,,1781481370798
0.00,,1781481370798
0.00,,1781481370798
0.00,,1781481370799
0.00,,1781481370799
0.20,,1781481370799
0.00,,1781481370799
0.00,,1781481370799
0.20,,1781481370799
0.00,,1781481370799
0.20,,1781481370799
0.20,,1781481370799
0.00,,1781481370799
-0.20,,1781481370799
0.00,,1781481370799
0.40,,1781481370800
0.00,,1781481370800
-0.20,,1781481370800
0.20,,1781481370800
0.00,,1781481370800
0.00,,1781481370800
0.20,,1781481370800
0.00,,1781481370800
0.00,,1781481370800
-0.20,,1781481370800
-0.20,,1781481370800
0.00,,1781481370800
0.00,,1781481370800
0.00,,1781481370800
-0.20,,1781481370800
0.00,,1781481370802
0.00,,1781481370813
0.20,,1781481370824
-0.40,,1781481370836
-0.20,,1781481370847
0.20,,1781481370858
0.00,,1781481370870
0.00,,1781481370881
-0.20,,1781481370892
0.00,,1781481370904
0.00,,1781481370915
0.00,,1781481370926
-0.20,,1781481370937
0.00,,1781481370949
-0.20,,1781481370960
-0.20,,1781481370972
-0.20,,1781481370983
0.00,,1781481370994
0.20,,1781481371006
-0.40,,1781481371017
0.00,,1781481371028
-0.20,,1781481371039
0.00,,1781481371051
-0.20,,1781481371062
0.00,,1781481371074
0.00,,1781481371085
0.00,,1781481371096
-0.20,,1781481371107
0.20,,1781481371119
0.20,,1781481371130
0.00,,1781481371141
0.00,,1781481371153
0.20,,1781481371164
0.00,,1781481371175
0.20,,1781481371187
-0.20,,1781481371198
0.00,,1781481371209
0.00,,1781481371221
0.00,,1781481371232
0.00,,1781481371243
-0.20,,1781481371255
-0.20,,1781481371266
-0.20,,1781481371277
0.20,,1781481371289
-0.20,,1781481371300
0.00,,1781481371311
0.00,,1781481371323
0.20,,1781481371334
0.00,,1781481371345
0.20,,1781481371356
0.20,,1781481371368
0.00,,1781481371379
0.00,,1781481371390
0.00,,1781481371402
0.00,,1781481371413
0.20,,1781481371424
-0.20,,1781481371436
-0.20,,1781481371447
0.20,,1781481371459
-0.20,,1781481371470
0.00,,1781481371481
0.00,,1781481371492
0.00,,1781481371504
0.00,,1781481371515
-0.20,,1781481371527
0.00,,1781481371538
0.00,,1781481371549
0.00,,1781481371561
0.20,,1781481371572
0.00,,1781481371583
-0.20,,1781481371595
-0.20,,1781481371606
0.00,,1781481371617
-0.20,,1781481371628
0.00,,1781481371640
0.00,,1781481371651
0.00,,1781481371662
0.00,,1781481371674
0.00,,1781481371685
0.00,,1781481371696
-0.20,,1781481371708
0.00,,1781481371719
0.00,,1781481371730
0.20,,1781481371741
0.20,,1781481371753
0.00,,1781481371764
0.20,,1781481371775
0.00,,1781481371787
0.00,,1781481371798
0.00,,1781481371809
0.40,,1781481371821
1.80,,1781481371832
2.20,,1781481371843
1.70,,1781481371855
0.70,,1781481371866
0.20,,1781481371877
0.40,,1781481371889
0.60,,1781481371900
0.00,,1781481371912
-0.20,,1781481371923
-0.20,,1781481371934
-0.40,,1781481371945
0.00,,1781481371957
-0.20,,1781481371968
-0.40,,1781481371979
-0.20,,1781481371991
-0.40,,1781481372002
0.00,,1781481372013
-0.20,,1781481372025
0.00,,1781481372036
0.00,,1781481372047
0.00,,1781481372059
0.00,,1781481372070
0.40,,1781481372081
0.20,,1781481372093
-0.60,,1781481372104
-0.70,,1781481372116
0.70,,1781481372127
-0.90,,1781481372138
-2.40,,1781481372149
-1.50,,1781481372161
-0.20,,1781481372172
0.60,,1781481372184
0.60,,1781481372195
0.00,,1781481372206
-0.20,,1781481372217
-0.40,,1781481372229
-0.40,,1781481372240
0.20,,1781481372252
0.20,,1781481372263
-0.20,,1781481372274
-0.90,,1781481372285
-0.90,,1781481372297
284.10,,1781481372308
1529.50,,1781481372320
1212.80,,1781481372332
1307.60,,1781481372343
834.50,,1781481372355
218.30,,1781481372366
135.70,,1781481372377
320.10,,1781481372389
281.20,,1781481372400
307.30,,1781481372412
328.90,,1781481372423
284.90,,1781481372435
280.80,,1781481372446
319.50,,1781481372457
325.00,,1781481372469
321.50,,1781481372480
245.80,,1781481372492
299.10,,1781481372503
323.20,,1781481372514
303.70,,1781481372526
307.50,,1781481372537
313.60,,1781481372549
287.10,,1781481372560
301.80,,1781481372572
280.20,,1781481372583
311.60,,1781481372595
314.70,,1781481372606
306.20,,1781481372617
304.80,,1781481372629
299.40,,1781481372640
299.40,,1781481372652
302.60,,1781481372663
304.60,,1781481372674
303.80,,1781481372686
294.10,,1781481372697
301.60,,1781481372709
303.50,,1781481372720
305.10,,1781481372732
343.70,,1781481372743
317.50,,1781481372755
313.20,,1781481372766
302.60,,1781481372778
300.50,,1781481372789
319.10,,1781481372800
310.90,,1781481372812
309.40,,1781481372823
305.10,,1781481372835
304.40,,1781481372846
305.30,,1781481372858
304.60,,1781481372869
304.80,,1781481372880
305.00,,1781481372892
302.20,,1781481372903
305.30,,1781481372915
305.00,,1781481372926
314.40,,1781481372938
284.90,,1781481372949
278.80,,1781481372960
268.30,,1781481372972
305.30,,1781481372983
280.40,,1781481372995
332.60,,1781481373006
278.40,,1781481373018
318.00,,1781481373029
286.10,,1781481373040
312.90,,1781481373052
309.40,,1781481373063
267.20,,1781481373075
287.40,,1781481373086
278.40,,1781481373098
303.50,,1781481373109
303.10,,1781481373121
306.60,,1781481373132
311.20,,1781481373144
292.80,,1781481373155
292.80,,1781481373167
317.70,,1781481373178
311.20,,1781481373189
277.30,,1781481373201
326.30,,1781481373212
292.20,,1781481373224
287.10,,1781481373235
298.70,,1781481373246
292.00,,1781481373258
268.40,,1781481373269
310.50,,1781481373281
317.90,,1781481373292
276.40,,1781481373304
296.30,,1781481373315
331.90,,1781481373326
292.60,,1781481373338
289.80,,1781481373350
306.80,,1781481373361
340.90,,1781481373372
293.50,,1781481373384
307.00,,1781481373395
304.80,,1781481373407
345.10,,1781481373418
327.80,,1781481373429
308.10,,1781481373441
314.50,,1781481373452
309.90,,1781481373464
310.90,,1781481373475
298.50,,1781481373486
308.10,,1781481373498
306.60,,1781481373509
302.90,,1781481373521
296.80,,1781481373532
302.60,,1781481373544
302.60,,1781481373555
303.70,,1781481373567
303.10,,1781481373578
301.60,,1781481373590
303.10,,1781481373601
308.50,,1781481373612
304.80,,1781481373624
304.00,,1781481373635
303.70,,1781481373647
302.90,,1781481373658
303.70,,1781481373669
301.80,,1781481373681
301.60,,1781481373693
300.70,,1781481373704
304.60,,1781481373715
303.80,,1781481373727
303.30,,1781481373738
303.10,,1781481373750
303.70,,1781481373761
302.20,,1781481373772
302.20,,1781481373784
303.70,,1781481373795
302.00,,1781481373807
301.30,,1781481373818
308.50,,1781481373830
307.00,,1781481373841
300.30,,1781481373853
309.00,,1781481373864
307.20,,1781481373875
303.50,,1781481373887
305.50,,1781481373899
303.50,,1781481373910
303.10,,1781481373921
304.20,,1781481373933
304.00,,1781481373944
304.00,,1781481373956
302.60,,1781481373967
302.60,,1781481373978
304.40,,1781481373990
301.10,,1781481374001
301.10,,1781481374013
306.60,,1781481374024
300.20,,1781481374035
297.20,,1781481374047
308.30,,1781481374058
298.30,,1781481374070
303.30,,1781481374081
295.90,,1781481374093
303.70,,1781481374104
310.90,,1781481374116
300.00,,1781481374127
307.00,,1781481374138
300.50,,1781481374150
306.60,,1781481374161
303.50,,1781481374173
303.50,,1781481374184
303.80,,1781481374196
307.00,,1781481374207
303.80,,1781481374219
303.70,,1781481374230
304.20,,1781481374241
303.70,,1781481374253
303.70,,1781481374264
303.80,,1781481374276
302.70,,1781481374287
303.30,,1781481374298
303.80,,1781481374310
302.20,,1781481374321
301.60,,1781481374333
314.70,,1781481374344
300.90,,1781481374356
312.90,,1781481374367
305.90,,1781481374379
308.10,,1781481374390
293.20,,1781481374402
292.80,,1781481374413
338.30,,1781481374424
283.60,,1781481374436
326.50,,1781481374447
329.10,,1781481374459
333.90,,1781481374470
227.90,,1781481374481
343.30,,1781481374493
374.80,,1781481374505
309.60,,1781481374516
314.90,,1781481374527
283.60,,1781481374539
343.90,,1781481374550
308.10,,1781481374562
271.40,,1781481374573
318.60,,1781481374584
341.50,,1781481374596
313.60,,1781481374607
293.70,,1781481374619
297.60,,1781481374630
334.30,,1781481374642
316.80,,1781481374653
328.60,,1781481374664
301.10,,1781481374676
327.30,,1781481374687
347.20,,1781481374699
367.30,,1781481374710
348.80,,1781481374722
288.40,,1781481374733
303.10,,1781481374744
310.90,,1781481374756
330.80,,1781481374767
307.00,,1781481374779
284.10,,1781481374790
263.70,,1781481374802
389.60,,1781481374813
299.60,,1781481374825
268.40,,1781481374836
311.20,,1781481374847
279.00,,1781481374859
380.40,,1781481374870
254.10,,1781481374882
318.40,,1781481374893
265.90,,1781481374905
205.20,,1781481374916
339.80,,1781481374928
326.90,,1781481374939
272.10,,1781481374950
330.80,,1781481374962
218.50,,1781481374973
261.40,,1781481374985
225.10,,1781481374996
368.60,,1781481375008
332.80,,1781481375019
264.40,,1781481375030
283.90,,1781481375042
264.00,,1781481375053
289.60,,1781481375065
283.60,,1781481375076
239.30,,1781481375088
293.70,,1781481375099
278.20,,1781481375110
279.00,,1781481375122
333.20,,1781481375133
289.10,,1781481375145
238.80,,1781481375156
395.30,,1781481375168
331.30,,1781481375179
282.50,,1781481375190
275.50,,1781481375202
274.50,,1781481375213
344.40,,1781481375225
316.20,,1781481375236
234.70,,1781481375248
335.70,,1781481375259
337.60,,1781481375270
290.90,,1781481375282
296.50,,1781481375293
326.70,,1781481375305
291.50,,1781481375316
295.50,,1781481375328
291.50,,1781481375339
300.70,,1781481375351
312.90,,1781481375362
359.50,,1781481375374
224.90,,1781481375385
291.10,,1781481375396
311.20,,1781481375408
333.70,,1781481375419
315.10,,1781481375431
273.40,,1781481375442
315.60,,1781481375453
284.90,,1781481375465
300.30,,1781481375476
321.70,,1781481375488
299.60,,1781481375499
271.00,,1781481375511
332.20,,1781481375522
304.00,,1781481375534
289.80,,1781481375545
264.20,,1781481375556
360.80,,1781481375568
324.10,,1781481375579
298.70,,1781481375591
273.10,,1781481375602
316.60,,1781481375614
248.50,,1781481375625
297.80,,1781481375636
266.20,,1781481375648
289.80,,1781481375659
320.10,,1781481375671
282.10,,1781481375682
251.30,,1781481375694
322.30,,1781481375705
260.90,,1781481375716
317.50,,1781481375728
291.90,,1781481375740
332.40,,1781481375751
343.50,,1781481375762
348.80,,1781481375774
335.60,,1781481375785
299.20,,1781481375797
313.60,,1781481375808
312.00,,1781481375819
304.40,,1781481375831
316.80,,1781481375842
309.70,,1781481375854
331.10,,1781481375865
350.50,,1781481375877
355.80,,1781481375888
260.50,,1781481375900
343.70,,1781481375911
309.00,,1781481375923
292.40,,1781481375934
324.90,,1781481375945
304.00,,1781481375957
316.40,,1781481375968
344.60,,1781481375980
317.50,,1781481375991
300.70,,1781481376002
309.90,,1781481376014
330.80,,1781481376025
320.80,,1781481376037
323.40,,1781481376048
314.70,,1781481376060
312.70,,1781481376071
313.60,,1781481376083
284.90,,1781481376094
233.00,,1781481376107
308.60,,1781481376117
281.70,,1781481376129
302.90,,1781481376140
278.00,,1781481376151
309.90,,1781481376163
296.70,,1781481376175
325.40,,1781481376185
312.90,,1781481376197
325.00,,1781481376208
318.00,,1781481376220
304.20,,1781481376231
315.60,,1781481376243
310.70,,1781481376254
229.40,,1781481376266
349.40,,1781481376277
333.30,,1781481376288
227.00,,1781481376300
311.40,,1781481376311
237.30,,1781481376323
261.40,,1781481376334
313.40,,1781481376346
299.20,,1781481376357
322.80,,1781481376368
281.50,,1781481376380
283.90,,1781481376391
298.90,,1781481376403
299.20,,1781481376414
309.40,,1781481376425
325.60,,1781481376437
300.90,,1781481376449
297.90,,1781481376460
234.50,,1781481376471
315.10,,1781481376483
258.50,,1781481376494
335.90,,1781481376506
371.00,,1781481376517
377.40,,1781481376528
248.70,,1781481376540
327.10,,1781481376551
320.40,,1781481376563
315.10,,1781481376574
292.00,,1781481376586
306.80,,1781481376597
342.00,,1781481376608
345.70,,1781481376620
293.20,,1781481376631
309.70,,1781481376643
236.90,,1781481376654
300.70,,1781481376666
319.70,,1781481376677
315.30,,1781481376689
297.60,,1781481376700
308.80,,1781481376711
289.10,,1781481376723
287.30,,1781481376734
285.00,,1781481376746
252.40,,1781481376757
308.80,,1781481376768
255.90,,1781481376780
326.90,,1781481376791
297.40,,1781481376803
231.00,,1781481376814
316.20,,1781481376826
292.20,,1781481376837
332.40,,1781481376849
265.50,,1781481376860
297.00,,1781481376872
290.60,,1781481376883
302.20,,1781481376894
275.10,,1781481376906
311.20,,1781481376917
253.70,,1781481376929
282.30,,1781481376940
299.40,,1781481376952
321.00,,1781481376963
310.90,,1781481376974
242.10,,1781481376986
243.70,,1781481376997
304.20,,1781481377009
320.80,,1781481377020
301.40,,1781481377032
237.50,,1781481377043
302.40,,1781481377054
316.20,,1781481377066
303.10,,1781481377077
290.40,,1781481377089
322.80,,1781481377100
297.20,,1781481377111
267.00,,1781481377123
317.50,,1781481377135
267.50,,1781481377146
326.00,,1781481377157
298.90,,1781481377169
279.90,,1781481377180
307.50,,1781481377192
308.50,,1781481377203
287.60,,1781481377215
303.10,,1781481377226
239.90,,1781481377237
368.00,,1781481377249
258.70,,1781481377260
275.60,,1781481377272
320.30,,1781481377283
316.40,,1781481377295
329.30,,1781481377306
279.50,,1781481377317
258.90,,1781481377329
320.30,,1781481377340
316.90,,1781481377352
332.10,,1781481377363
300.90,,1781481377375
269.90,,1781481377386
329.80,,1781481377398
318.20,,1781481377409
320.80,,1781481377420
290.20,,1781481377432
333.20,,1781481377443
302.90,,1781481377455
311.60,,1781481377466
319.50,,1781481377477
295.00,,1781481377489
319.30,,1781481377500
296.70,,1781481377512
305.70,,1781481377523
305.70,,1781481377535
275.10,,1781481377546
334.50,,1781481377558
321.20,,1781481377569
320.40,,1781481377580
275.80,,1781481377592
384.60,,1781481377603
253.30,,1781481377615
262.70,,1781481377626
326.20,,1781481377638
230.30,,1781481377649
284.90,,1781481377660
298.10,,1781481377672
283.90,,1781481377683
260.90,,1781481377695
293.90,,1781481377706
294.40,,1781481377718
332.20,,1781481377729
305.10,,1781481377741
322.10,,1781481377752
303.30,,1781481377763
298.70,,1781481377775
297.20,,1781481377786
350.30,,1781481377798
292.80,,1781481377809
300.50,,1781481377821
329.80,,1781481377832
247.40,,1781481377843
315.60,,1781481377855
317.30,,1781481377866
300.70,,1781481377878
329.30,,1781481377889
334.30,,1781481377901
285.80,,1781481377912
298.30,,1781481377924
280.40,,1781481377935
294.10,,1781481377947
297.60,,1781481377958
335.00,,1781481377970
306.40,,1781481377981
278.00,,1781481377992
312.50,,1781481378004
297.60,,1781481378015
260.00,,1781481378026
270.80,,1781481378038
315.60,,1781481378049
339.40,,1781481378061
271.90,,1781481378072
317.70,,1781481378084
238.20,,1781481378095
295.20,,1781481378107
314.70,,1781481378118
257.40,,1781481378129
298.10,,1781481378141
323.90,,1781481378152
287.80,,1781481378164
288.70,,1781481378175
328.90,,1781481378187
291.30,,1781481378198
319.00,,1781481378209
297.40,,1781481378221
291.50,,1781481378232
327.80,,1781481378244
302.40,,1781481378255
365.10,,1781481378267
260.70,,1781481378278
334.60,,1781481378290
266.20,,1781481378301
300.00,,1781481378312
332.80,,1781481378324
310.70,,1781481378335
319.30,,1781481378347
311.80,,1781481378358
288.70,,1781481378370
312.50,,1781481378381
320.60,,1781481378392
328.40,,1781481378404
291.70,,1781481378415
309.20,,1781481378427
309.00,,1781481378438
264.60,,1781481378449
269.00,,1781481378461
295.40,,1781481378472
300.70,,1781481378484
275.60,,1781481378495
296.80,,1781481378507
294.60,,1781481378518
303.30,,1781481378530
300.90,,1781481378541
370.60,,1781481378552
316.40,,1781481378564
271.60,,1781481378575
274.30,,1781481378587
354.70,,1781481378598
297.60,,1781481378610
299.40,,1781481378621
292.20,,1781481378633
309.20,,1781481378644
314.50,,1781481378656
300.00,,1781481378667
288.40,,1781481378678
317.70,,1781481378690
318.00,,1781481378701
305.10,,1781481378713
278.60,,1781481378724
315.30,,1781481378736
312.30,,1781481378747
306.40,,1781481378758
308.60,,1781481378770
298.70,,1781481378781
319.10,,1781481378793
282.50,,1781481378804
315.80,,1781481378816
310.90,,1781481378827
311.40,,1781481378838
302.70,,1781481378850
276.90,,1781481378861
297.80,,1781481378873
301.30,,1781481378884
365.20,,1781481378896
303.50,,1781481378907
278.20,,1781481378919
300.30,,1781481378930
312.30,,1781481378942
326.70,,1781481378953
295.70,,1781481378964
304.40,,1781481378976
293.70,,1781481378987
312.10,,1781481378999
324.90,,1781481379010
313.80,,1781481379022
284.70,,1781481379033
293.90,,1781481379044
322.70,,1781481379056
264.40,,1781481379067
282.10,,1781481379079
287.30,,1781481379090
306.10,,1781481379101
250.90,,1781481379113
302.90,,1781481379124
316.80,,1781481379136
294.30,,1781481379147
291.90,,1781481379159
318.00,,1781481379170
260.10,,1781481379182
245.00,,1781481379193
333.20,,1781481379205
324.70,,1781481379216
271.60,,1781481379227
302.40,,1781481379239
287.10,,1781481379250
271.20,,1781481379262
325.80,,1781481379273
306.80,,1781481379284
282.30,,1781481379296
321.50,,1781481379307
286.30,,1781481379319
307.50,,1781481379330
321.20,,1781481379342
301.10,,1781481379353
296.30,,1781481379364
342.20,,1781481379376
306.40,,1781481379387
298.10,,1781481379399
313.10,,1781481379410
313.60,,1781481379422
293.90,,1781481379433
289.60,,1781481379444
311.40,,1781481379456
297.60,,1781481379467
305.00,,1781481379479
299.80,,1781481379490
311.60,,1781481379502
307.00,,1781481379513
314.70,,1781481379525
298.10,,1781481379536
295.90,,1781481379548
294.10,,1781481379559
307.90,,1781481379570
308.80,,1781481379582
314.50,,1781481379593
295.20,,1781481379605
305.00,,1781481379616
260.70,,1781481379627
305.30,,1781481379639
304.40,,1781481379650
289.60,,1781481379662
318.00,,1781481379673
306.40,,1781481379685
297.20,,1781481379696
263.10,,1781481379707
302.70,,1781481379719
326.90,,1781481379730
302.60,,1781481379742
342.60,,1781481379753
312.50,,1781481379765
337.80,,1781481379776
309.00,,1781481379788
286.90,,1781481379799
291.10,,1781481379810
302.60,,1781481379822
308.80,,1781481379833
289.60,,1781481379845
312.10,,1781481379856
316.20,,1781481379868
306.80,,1781481379879
292.00,,1781481379892
308.80,,1781481379902
311.00,,1781481379914
306.40,,1781481379925
284.70,,1781481379936
295.40,,1781481379948
296.30,,1781481379959
310.90,,1781481379971
276.40,,1781481379982
268.30,,1781481379993
317.70,,1781481380005
308.50,,1781481380016
302.00,,1781481380028
302.60,,1781481380039
311.40,,1781481380051
313.80,,1781481380062
312.90,,1781481380074
299.40,,1781481380085
288.00,,1781481380096
291.70,,1781481380108
310.10,,1781481380119
294.40,,1781481380131
298.70,,1781481380142
284.30,,1781481380154
339.10,,1781481380165
292.20,,1781481380177
320.10,,1781481380188
288.00,,1781481380199
287.10,,1781481380211
313.60,,1781481380222
293.50,,1781481380233
294.10,,1781481380245
330.40,,1781481380256
326.90,,1781481380268
303.80,,1781481380279
304.00,,1781481380291
321.20,,1781481380302
304.60,,1781481380314
293.00,,1781481380325
310.90,,1781481380337
292.60,,1781481380348
303.30,,1781481380359
287.10,,1781481380371
313.10,,1781481380382
339.20,,1781481380394
308.50,,1781481380405
314.20,,1781481380416
302.00,,1781481380428
317.90,,1781481380439
302.40,,1781481380451
315.60,,1781481380462
329.80,,1781481380474
305.10,,1781481380485
328.00,,1781481380497
301.80,,1781481380508
227.50,,1781481380520
324.10,,1781481380531
300.20,,1781481380542
298.10,,1781481380554
289.50,,1781481380565
270.30,,1781481380576
277.50,,1781481380588
297.20,,1781481380599
312.90,,1781481380611
314.20,,1781481380622
309.00,,1781481380634
306.60,,1781481380645
306.80,,1781481380657
301.80,,1781481380668
294.80,,1781481380680
292.20,,1781481380691
307.90,,1781481380702
319.00,,1781481380714
314.90,,1781481380725
314.50,,1781481380737
320.80,,1781481380748
290.90,,1781481380760
300.00,,1781481380771
298.70,,1781481380782
252.80,,1781481380794
275.30,,1781481380805
289.10,,1781481380817
295.40,,1781481380828
316.40,,1781481380840
321.70,,1781481380851
309.00,,1781481380862
316.20,,1781481380874
319.00,,1781481380885
326.30,,1781481380897
282.80,,1781481380908
326.00,,1781481380920
297.20,,1781481380931
312.00,,1781481380943
281.90,,1781481380954
308.50,,1781481380965
298.90,,1781481380977
296.50,,1781481380988
302.60,,1781481381000
303.10,,1781481381011
312.50,,1781481381023
301.60,,1781481381034
313.20,,1781481381045
297.20,,1781481381057
298.90,,1781481381068
314.90,,1781481381080
308.50,,1781481381091
307.00,,1781481381103
305.10,,1781481381114
296.70,,1781481381126
315.10,,1781481381137
305.00,,1781481381148
303.50,,1781481381160
304.20,,1781481381171
303.50,,1781481381183
303.10,,1781481381194
302.60,,1781481381206
300.90,,1781481381217
310.70,,1781481381229
303.10,,1781481381240
294.40,,1781481381252
297.80,,1781481381263
309.90,,1781481381274
316.00,,1781481381286
310.10,,1781481381297
308.60,,1781481381308
300.00,,1781481381320
304.40,,1781481381331
293.90,,1781481381343
295.90,,1781481381354
292.20,,1781481381366
310.30,,1781481381377
292.40,,1781481381389
313.40,,1781481381400
317.10,,1781481381411
307.70,,1781481381423
300.30,,1781481381434
293.90,,1781481381446
307.20,,1781481381457
309.60,,1781481381469
303.80,,1781481381480
305.10,,1781481381492
248.70,,1781481381503
342.60,,1781481381514
304.80,,1781481381526
331.30,,1781481381537
322.30,,1781481381549
305.90,,1781481381560
306.80,,1781481381572
309.00,,1781481381583
297.90,,1781481381594
320.30,,1781481381606
306.20,,1781481381617
257.90,,1781481381629
360.10,,1781481381640
301.60,,1781481381652
293.30,,1781481381663
292.00,,1781481381674
295.00,,1781481381686
302.60,,1781481381697
291.50,,1781481381709
321.20,,1781481381720
290.40,,1781481381732
256.10,,1781481381743
327.30,,1781481381754
291.50,,1781481381766
306.10,,1781481381777
298.70,,1781481381789
306.10,,1781481381800
295.00,,1781481381812
298.50,,1781481381823
271.80,,1781481381835
301.30,,1781481381846
315.50,,1781481381857
292.40,,1781481381869
272.90,,1781481381880
254.10,,1781481381892
306.10,,1781481381903
297.90,,1781481381915
290.00,,1781481381926
322.70,,1781481381938
286.00,,1781481381949
323.60,,1781481381960
302.00,,1781481381972
278.00,,1781481381983
327.10,,1781481381995
294.80,,1781481382006
326.50,,1781481382018
285.40,,1781481382029
260.30,,1781481382040
297.00,,1781481382052
297.00,,1781481382063
301.30,,1781481382075
309.70,,1781481382086
315.50,,1781481382098
312.70,,1781481382109
272.30,,1781481382120
292.80,,1781481382132
323.80,,1781481382143
305.10,,1781481382155
280.20,,1781481382166
301.60,,1781481382178
299.40,,1781481382189
296.30,,1781481382201
340.40,,1781481382212
317.90,,1781481382223
310.90,,1781481382235
313.80,,1781481382246
292.00,,1781481382258
293.20,,1781481382269
305.50,,1781481382281
335.70,,1781481382292
305.50,,1781481382303
315.10,,1781481382315
298.30,,1781481382326
309.90,,1781481382338
295.20,,1781481382349
316.60,,1781481382361
295.20,,1781481382372
293.90,,1781481382384
313.10,,1781481382395
314.70,,1781481382406
330.90,,1781481382418
285.80,,1781481382429
340.40,,1781481382441
303.80,,1781481382452
313.40,,1781481382463
287.80,,1781481382475
306.40,,1781481382486
287.10,,1781481382498
314.90,,1781481382509
297.00,,1781481382521
300.30,,1781481382532
306.80,,1781481382544
330.90,,1781481382555
302.20,,1781481382566
291.70,,1781481382578
309.70,,1781481382589
339.40,,1781481382601
299.20,,1781481382612
320.60,,1781481382624
293.30,,1781481382635
318.20,,1781481382646
306.40,,1781481382658
312.30,,1781481382669
319.10,,1781481382681
303.70,,1781481382692
302.90,,1781481382704
293.90,,1781481382715
298.70,,1781481382727
273.20,,1781481382738
328.20,,1781481382749
310.50,,1781481382761
315.10,,1781481382772
343.10,,1781481382784
326.00,,1781481382795
289.10,,1781481382807
305.10,,1781481382818
290.20,,1781481382829
313.20,,1781481382841
321.90,,1781481382852
294.80,,1781481382864
289.50,,1781481382875
303.30,,1781481382886
313.40,,1781481382898
308.30,,1781481382910
332.60,,1781481382921
306.40,,1781481382932
327.40,,1781481382944
312.30,,1781481382956
300.70,,1781481382967
282.80,,1781481382978
335.70,,1781481382990
307.00,,1781481383001
313.60,,1781481383013
288.20,,1781481383024
306.40,,1781481383035
306.10,,1781481383047
303.30,,1781481383058
349.40,,1781481383070
303.70,,1781481383081
292.80,,1781481383092
302.40,,1781481383104
298.50,,1781481383115
298.30,,1781481383127
309.00,,1781481383138
290.20,,1781481383150
306.80,,1781481383161
231.40,,1781481383173
266.00,,1781481383184
293.20,,1781481383195
321.00,,1781481383207
313.40,,1781481383218
294.10,,1781481383230
284.10,,1781481383241
314.70,,1781481383253
287.80,,1781481383264
312.30,,1781481383275
285.40,,1781481383287
334.50,,1781481383298
298.70,,1781481383310
286.30,,1781481383321
307.30,,1781481383333
314.00,,1781481383344
318.20,,1781481383356
287.10,,1781481383367
300.50,,1781481383379
288.00,,1781481383390
318.60,,1781481383401
308.50,,1781481383413
288.50,,1781481383424
318.20,,1781481383436
296.70,,1781481383447
278.60,,1781481383458
320.80,,1781481383470
306.40,,1781481383481
282.50,,1781481383493
337.40,,1781481383504
318.40,,1781481383516
273.80,,1781481383527
292.60,,1781481383538
301.80,,1781481383550
318.20,,1781481383562
305.90,,1781481383573
325.20,,1781481383584
309.00,,1781481383596
286.10,,1781481383607
254.20,,1781481383619
317.50,,1781481383630
318.60,,1781481383641
285.00,,1781481383653
296.70,,1781481383664
326.90,,1781481383676
292.80,,1781481383687
309.90,,1781481383699
292.80,,1781481383710
283.20,,1781481383721
291.70,,1781481383733
329.50,,1781481383744
301.60,,1781481383756
300.90,,1781481383767
295.50,,1781481383779
291.10,,1781481383790
311.60,,1781481383801
354.00,,1781481383813
280.20,,1781481383824
328.40,,1781481383836
318.20,,1781481383847
309.00,,1781481383858
314.40,,1781481383870
320.30,,1781481383882
329.30,,1781481383893
329.80,,1781481383905
339.40,,1781481383916
318.00,,1781481383927
293.00,,1781481383939
307.90,,1781481383950
329.80,,1781481383962
302.90,,1781481383973
306.60,,1781481383984
276.70,,1781481383996
292.60,,1781481384007
304.80,,1781481384019
270.70,,1781481384030
312.00,,1781481384042
309.20,,1781481384053
311.20,,1781481384065
302.60,,1781481384076
299.60,,1781481384087
298.30,,1781481384099
336.70,,1781481384110
316.80,,1781481384122
307.90,,1781481384133
300.70,,1781481384145
308.60,,1781481384156
302.20,,1781481384168
308.50,,1781481384179
314.00,,1781481384190
304.80,,1781481384202
302.20,,1781481384213
305.50,,1781481384225
302.90,,1781481384236
316.40,,1781481384248
321.00,,1781481384259
293.30,,1781481384271
308.10,,1781481384282
246.30,,1781481384293
321.00,,1781481384305
289.50,,1781481384316
324.10,,1781481384328
314.40,,1781481384339
293.50,,1781481384350
277.70,,1781481384362
290.80,,1781481384373
315.80,,1781481384385
319.50,,1781481384396
267.70,,1781481384407
323.00,,1781481384419
333.30,,1781481384430
292.80,,1781481384442
319.90,,1781481384453
304.80,,1781481384465
335.20,,1781481384476
302.40,,1781481384488
313.60,,1781481384499
391.60,,1781481384511
297.20,,1781481384522
322.70,,1781481384533
290.60,,1781481384545
295.00,,1781481384556
327.10,,1781481384568
277.30,,1781481384579
273.60,,1781481384590
281.90,,1781481384602
304.40,,1781481384613
322.10,,1781481384625
281.40,,1781481384636
298.10,,1781481384648
302.70,,1781481384659
286.00,,1781481384670
327.80,,1781481384682
318.20,,1781481384693
300.30,,1781481384705
288.90,,1781481384716
314.00,,1781481384728
314.90,,1781481384739
299.40,,1781481384751
311.40,,1781481384762
299.20,,1781481384774
325.20,,1781481384785
266.00,,1781481384796
296.70,,1781481384808
328.40,,1781481384819
324.10,,1781481384831
301.80,,1781481384842
297.40,,1781481384854
310.10,,1781481384865
310.50,,1781481384876
268.80,,1781481384888
336.80,,1781481384899
305.90,,1781481384911
292.20,,1781481384922
290.00,,1781481384934
300.00,,1781481384945
327.40,,1781481384956
312.50,,1781481384968
287.40,,1781481384979
309.70,,1781481384991
295.50,,1781481385002
302.70,,1781481385014
258.50,,1781481385025
301.40,,1781481385037
194.30,,1781481385048
246.70,,1781481385059
318.80,,1781481385071
298.10,,1781481385082
284.50,,1781481385094
313.20,,1781481385105
326.70,,1781481385117
295.70,,1781481385128
321.40,,1781481385139
289.30,,1781481385151
300.30,,1781481385162
307.70,,1781481385174
318.20,,1781481385185
281.00,,1781481385197
315.50,,1781481385208
301.80,,1781481385219
314.50,,1781481385231
301.80,,1781481385242
310.30,,1781481385254
311.60,,1781481385265
323.90,,1781481385277
307.50,,1781481385288
303.30,,1781481385300
312.30,,1781481385311
318.00,,1781481385322
306.80,,1781481385334
323.20,,1781481385345
308.30,,1781481385357
333.30,,1781481385368
312.70,,1781481385380
321.40,,1781481385391
279.90,,1781481385403
274.70,,1781481385415
310.70,,1781481385425
313.80,,1781481385437
286.50,,1781481385448
302.90,,1781481385460
296.10,,1781481385471
284.90,,1781481385482
300.50,,1781481385494
260.90,,1781481385505
322.50,,1781481385517
317.50,,1781481385528
321.70,,1781481385540
272.10,,1781481385551
323.00,,1781481385563
288.00,,1781481385574
328.70,,1781481385585
305.00,,1781481385597
292.60,,1781481385608
320.80,,1781481385620
271.80,,1781481385631
293.50,,1781481385643
320.10,,1781481385654
288.50,,1781481385666
321.50,,1781481385677
288.70,,1781481385688
295.00,,1781481385700
328.60,,1781481385711
291.70,,1781481385723
286.10,,1781481385734
322.80,,1781481385745
302.40,,1781481385757
267.90,,1781481385768
299.80,,1781481385780
390.90,,1781481385791
309.40,,1781481385803
306.80,,1781481385814
318.60,,1781481385826
288.00,,1781481385837
324.70,,1781481385848
322.70,,1781481385860
289.10,,1781481385871
317.10,,1781481385883
249.80,,1781481385894
329.30,,1781481385906
273.10,,1781481385917
290.90,,1781481385929
304.20,,1781481385940
249.60,,1781481385952
337.20,,1781481385963
306.20,,1781481385974
253.90,,1781481385985
285.80,,1781481385997
305.70,,1781481386009
277.50,,1781481386020
287.40,,1781481386032
297.60,,1781481386043
311.80,,1781481386054
281.40,,1781481386066
297.90,,1781481386077
317.10,,1781481386089
307.70,,1781481386100
282.80,,1781481386112
282.30,,1781481386123
295.90,,1781481386134
333.00,,1781481386146
323.60,,1781481386157
309.20,,1781481386169
292.80,,1781481386180
290.90,,1781481386192
324.90,,1781481386203
288.00,,1781481386214
342.00,,1781481386226
312.70,,1781481386237
298.50,,1781481386249
329.50,,1781481386260
323.00,,1781481386272
279.50,,1781481386283
311.60,,1781481386295
309.70,,1781481386306
293.90,,1781481386317
301.10,,1781481386329
278.00,,1781481386340
318.00,,1781481386352
280.80,,1781481386363
308.80,,1781481386375
269.40,,1781481386386
288.50,,1781481386398
280.20,,1781481386409
321.40,,1781481386420
293.70,,1781481386432
293.30,,1781481386443
297.90,,1781481386455
327.30,,1781481386466
320.60,,1781481386477
314.00,,1781481386489
319.90,,1781481386500
315.10,,1781481386512
335.40,,1781481386523
278.40,,1781481386535
298.10,,1781481386546
326.70,,1781481386557
321.70,,1781481386569
271.40,,1781481386580
332.10,,1781481386592
349.20,,1781481386603
349.40,,1781481386615
316.60,,1781481386626
267.70,,1781481386638
322.70,,1781481386649
268.60,,1781481386660
305.50,,1781481386672
345.30,,1781481386683
334.50,,1781481386695
292.80,,1781481386706
309.40,,1781481386718
303.70,,1781481386729
305.30,,1781481386740
335.60,,1781481386752
307.90,,1781481386763
306.20,,1781481386775
315.50,,1781481386786
270.80,,1781481386798
301.80,,1781481386809
312.30,,1781481386821
303.10,,1781481386832
310.30,,1781481386843
321.90,,1781481386855
298.50,,1781481386866
315.60,,1781481386878
302.90,,1781481386889
332.40,,1781481386901
299.80,,1781481386912
314.70,,1781481386923
306.60,,1781481386936
276.90,,1781481386946
332.60,,1781481386958
329.80,,1781481386970
315.60,,1781481386981
312.90,,1781481386992
331.90,,1781481387003
280.80,,1781481387015
321.90,,1781481387026
303.10,,1781481387038
275.50,,1781481387049
311.80,,1781481387061
302.40,,1781481387072
311.00,,1781481387084
275.60,,1781481387095
369.50,,1781481387106
330.90,,1781481387118
280.10,,1781481387129
327.40,,1781481387141
312.70,,1781481387152
306.10,,1781481387164
282.50,,1781481387175
275.50,,1781481387186
238.40,,1781481387198
306.20,,1781481387209
300.30,,1781481387221
276.90,,1781481387232
284.10,,1781481387244
307.90,,1781481387255
285.20,,1781481387267
302.60,,1781481387278
308.30,,1781481387290
299.60,,1781481387301
370.00,,1781481387312
303.50,,1781481387324
314.20,,1781481387335
307.30,,1781481387347
292.20,,1781481387358
303.30,,1781481387369
301.10,,1781481387381
290.40,,1781481387392
303.70,,1781481387404
307.50,,1781481387415
305.30,,1781481387427
329.30,,1781481387438
335.90,,1781481387450
318.20,,1781481387461
310.90,,1781481387472
282.80,,1781481387484
356.40,,1781481387495
299.10,,1781481387507
309.70,,1781481387518
288.90,,1781481387529
317.90,,1781481387541
295.00,,1781481387553
317.30,,1781481387564
310.50,,1781481387575
319.90,,1781481387587
282.60,,1781481387598
285.60,,1781481387610
248.50,,1781481387621
320.10,,1781481387632
281.90,,1781481387644
278.80,,1781481387655
328.90,,1781481387667
291.50,,1781481387678
284.10,,1781481387690
310.90,,1781481387701
305.10,,1781481387713
336.10,,1781481387724
279.00,,1781481387735
300.20,,1781481387747
316.60,,1781481387758
314.20,,1781481387770
300.20,,1781481387781
296.70,,1781481387793
309.60,,1781481387804
295.50,,1781481387815
326.00,,1781481387827
279.30,,1781481387838
315.80,,1781481387850
313.10,,1781481387861
283.00,,1781481387873
309.60,,1781481387884
274.00,,1781481387896
397.70,,1781481387907
292.40,,1781481387918
324.30,,1781481387930
321.70,,1781481387942
282.30,,1781481387953
315.10,,1781481387964
276.70,,1781481387976
295.00,,1781481387987
304.80,,1781481387998
309.60,,1781481388010
270.10,,1781481388021
294.10,,1781481388033
305.70,,1781481388044
311.40,,1781481388056
282.50,,1781481388067
312.50,,1781481388079
331.10,,1781481388090
298.70,,1781481388101
321.00,,1781481388113
340.40,,1781481388124
305.10,,1781481388136
277.70,,1781481388147
294.40,,1781481388158
318.60,,1781481388170
306.10,,1781481388181
307.00,,1781481388193
255.00,,1781481388204
294.10,,1781481388216
329.70,,1781481388227
323.60,,1781481388239
305.10,,1781481388250
320.80,,1781481388262
273.40,,1781481388273
283.90,,1781481388284
320.60,,1781481388296
301.40,,1781481388307
335.40,,1781481388319
265.70,,1781481388330
288.90,,1781481388341
328.20,,1781481388353
307.90,,1781481388364
310.70,,1781481388376
279.00,,1781481388387
337.00,,1781481388399
323.00,,1781481388410
281.40,,1781481388422
336.10,,1781481388433
326.50,,1781481388444
299.80,,1781481388456
302.70,,1781481388467
318.20,,1781481388479
306.60,,1781481388490
324.30,,1781481388501
276.60,,1781481388513
303.70,,1781481388524
311.60,,1781481388536
302.90,,1781481388548
314.70,,1781481388559
332.10,,1781481388571
308.10,,1781481388582
249.80,,1781481388593
280.60,,1781481388605
327.80,,1781481388616
298.70,,1781481388627
325.00,,1781481388639
278.40,,1781481388650
309.00,,1781481388662
295.40,,1781481388673
290.60,,1781481388684
298.50,,1781481388696
275.10,,1781481388707
315.30,,1781481388719
308.60,,1781481388730
326.50,,1781481388742
300.70,,1781481388753
310.70,,1781481388765
303.70,,1781481388776
342.60,,1781481388787
276.60,,1781481388799
295.90,,1781481388810
290.60,,1781481388822
296.80,,1781481388833
275.10,,1781481388845
331.10,,1781481388856
295.40,,1781481388868
320.40,,1781481388879
293.30,,1781481388891
336.70,,1781481388902
315.60,,1781481388914
325.00,,1781481388925
294.80,,1781481388936
273.80,,1781481388948
309.00,,1781481388959
290.40,,1781481388971
313.40,,1781481388982
289.80,,1781481388994
319.30,,1781481389005
320.60,,1781481389016
300.20,,1781481389028
282.10,,1781481389039
320.60,,1781481389051
342.70,,1781481389062
316.80,,1781481389074
263.50,,1781481389085
317.50,,1781481389096
365.10,,1781481389108
270.50,,1781481389119
298.50,,1781481389131
340.40,,1781481389142
312.70,,1781481389153
318.40,,1781481389165
326.90,,1781481389176
324.50,,1781481389188
325.60,,1781481389199
304.80,,1781481389211
314.40,,1781481389222
338.70,,1781481389233
297.90,,1781481389245
300.00,,1781481389257
352.70,,1781481389268
253.70,,1781481389279
293.70,,1781481389291
280.40,,1781481389302
316.00,,1781481389313
311.80,,1781481389325
292.80,,1781481389336
267.00,,1781481389348
290.40,,1781481389359
296.10,,1781481389371
278.20,,1781481389382
308.10,,1781481389394
311.40,,1781481389405
280.60,,1781481389417
305.10,,1781481389428
269.90,,1781481389439
292.60,,1781481389451
292.20,,1781481389462
302.20,,1781481389474
333.30,,1781481389485
312.70,,1781481389496
305.30,,1781481389508
342.00,,1781481389519
322.50,,1781481389531
292.60,,1781481389542
368.90,,1781481389554
285.20,,1781481389565
320.60,,1781481389577
334.80,,1781481389588
340.00,,1781481389599
307.50,,1781481389611
321.50,,1781481389622
354.40,,1781481389634
327.60,,1781481389645
336.10,,1781481389657
321.20,,1781481389668
322.70,,1781481389679
323.20,,1781481389691
258.50,,1781481389702
313.80,,1781481389714
330.80,,1781481389725
318.60,,1781481389737
295.20,,1781481389748
315.10,,1781481389760
292.20,,1781481389771
311.80,,1781481389782
296.10,,1781481389794
323.00,,1781481389806
290.20,,1781481389817
273.80,,1781481389828
290.80,,1781481389840
295.00,,1781481389851
273.60,,1781481389862
295.90,,1781481389874
290.20,,1781481389885
316.80,,1781481389897
312.30,,1781481389908
259.80,,1781481389920
309.70,,1781481389931
303.30,,1781481389943
305.70,,1781481389954
307.30,,1781481389966
300.00,,1781481389977
323.90,,1781481389988
296.30,,1781481390000
317.30,,1781481390011
339.20,,1781481390023
314.40,,1781481390034
300.70,,1781481390045
306.40,,1781481390057
312.50,,1781481390068
302.00,,1781481390080
307.50,,1781481390091
306.10,,1781481390103
291.90,,1781481390114
285.80,,1781481390125
324.70,,1781481390137
270.70,,1781481390148
267.00,,1781481390160
298.10,,1781481390171
307.30,,1781481390183
283.60,,1781481390194
296.50,,1781481390206
294.60,,1781481390217
272.30,,1781481390228
281.50,,1781481390240
320.40,,1781481390251
272.70,,1781481390263
302.90,,1781481390274
318.20,,1781481390286
302.60,,1781481390297
263.80,,1781481390308
314.20,,1781481390320
310.70,,1781481390331
269.40,,1781481390343
317.50,,1781481390354
295.00,,1781481390366
316.60,,1781481390377
299.20,,1781481390389
282.50,,1781481390400
320.60,,1781481390411
327.40,,1781481390423
301.40,,1781481390434
283.60,,1781481390446
316.40,,1781481390457
271.60,,1781481390468
327.60,,1781481390480
316.80,,1781481390491
319.10,,1781481390503
297.60,,1781481390514
288.90,,1781481390526
309.40,,1781481390537
308.60,,1781481390549
256.10,,1781481390560
284.50,,1781481390571
298.10,,1781481390583
349.00,,1781481390594
312.10,,1781481390606
310.90,,1781481390617
294.60,,1781481390629
333.70,,1781481390640
259.80,,1781481390651
321.00,,1781481390663
283.00,,1781481390674
302.90,,1781481390686
333.90,,1781481390697
260.50,,1781481390709
302.70,,1781481390720
331.90,,1781481390732
292.60,,1781481390743
325.80,,1781481390754
296.30,,1781481390766
323.00,,1781481390777
311.00,,1781481390789
292.20,,1781481390800
295.90,,1781481390811
297.60,,1781481390823
338.70,,1781481390834
337.20,,1781481390846
308.30,,1781481390857
321.70,,1781481390869
293.00,,1781481390880
237.10,,1781481390892
312.10,,1781481390903
292.20,,1781481390915
343.30,,1781481390926
232.10,,1781481390937
286.70,,1781481390949
318.80,,1781481390960
294.40,,1781481390972
344.80,,1781481390983
319.30,,1781481390995
302.70,,1781481391006
280.20,,1781481391017
314.40,,1781481391029
295.70,,1781481391040
314.90,,1781481391052
246.10,,1781481391063
333.20,,1781481391075
295.70,,1781481391086
276.40,,1781481391097
306.40,,1781481391109
312.00,,1781481391120
328.00,,1781481391132
316.90,,1781481391143
328.00,,1781481391155
291.90,,1781481391166
297.20,,1781481391177
305.30,,1781481391189
318.00,,1781481391200
314.50,,1781481391212
261.60,,1781481391223
309.70,,1781481391235
333.30,,1781481391246
348.50,,1781481391258
297.20,,1781481391269
303.10,,1781481391280
314.70,,1781481391292
353.10,,1781481391303
232.10,,1781481391315
270.10,,1781481391326
290.40,,1781481391338
285.20,,1781481391349
347.00,,1781481391361
288.00,,1781481391372
328.70,,1781481391383
272.70,,1781481391395
299.80,,1781481391406
315.10,,1781481391418
328.70,,1781481391429
345.90,,1781481391441
251.30,,1781481391452
309.40,,1781481391463
313.10,,1781481391475
283.00,,1781481391486
287.40,,1781481391498
289.60,,1781481391509
300.70,,1781481391521
318.80,,1781481391532
309.00,,1781481391544
280.10,,1781481391555
329.10,,1781481391566
306.40,,1781481391578
329.30,,1781481391589
324.70,,1781481391601
207.20,,1781481391612
273.20,,1781481391623
326.50,,1781481391635
309.60,,1781481391646
305.50,,1781481391658
272.50,,1781481391669
335.00,,1781481391681
302.00,,1781481391692
308.60,,1781481391704
302.90,,1781481391715
342.60,,1781481391726
262.00,,1781481391738
298.10,,1781481391749
282.30,,1781481391761
316.40,,1781481391772
328.00,,1781481391784
272.30,,1781481391795
310.10,,1781481391806
301.80,,1781481391818
300.50,,1781481391829
297.00,,1781481391841
313.80,,1781481391852
261.30,,1781481391864
321.90,,1781481391875
277.80,,1781481391887
328.40,,1781481391898
321.20,,1781481391910
297.60,,1781481391921
290.40,,1781481391932
301.10,,1781481391944
236.70,,1781481391955
305.30,,1781481391967
329.70,,1781481391978
321.50,,1781481391989
248.70,,1781481392001
262.50,,1781481392012
298.70,,1781481392024
304.00,,1781481392035
310.10,,1781481392047
329.10,,1781481392058
313.40,,1781481392070
265.90,,1781481392081
295.70,,1781481392092
304.40,,1781481392104
272.50,,1781481392115
307.00,,1781481392127
313.10,,1781481392138
324.30,,1781481392149
291.10,,1781481392161
323.90,,1781481392172
294.30,,1781481392184
313.40,,1781481392195
306.60,,1781481392207
277.30,,1781481392218
290.20,,1781481392230
319.50,,1781481392241
286.30,,1781481392253
302.60,,1781481392264
341.10,,1781481392275
319.50,,1781481392287
319.90,,1781481392298
310.90,,1781481392310
284.70,,1781481392321
293.70,,1781481392332
307.70,,1781481392344
316.00,,1781481392355
308.10,,1781481392367
355.10,,1781481392378
264.80,,1781481392390
255.00,,1781481392401
260.50,,1781481392413
310.90,,1781481392424
294.80,,1781481392435
290.40,,1781481392447
310.50,,1781481392458
298.30,,1781481392470
239.90,,1781481392481
365.60,,1781481392493
320.30,,1781481392504
279.30,,1781481392515
302.40,,1781481392527
339.40,,1781481392538
319.10,,1781481392550
276.90,,1781481392561
306.60,,1781481392573
305.50,,1781481392584
292.20,,1781481392596
321.20,,1781481392607
247.40,,1781481392619
326.20,,1781481392630
273.10,,1781481392641
323.00,,1781481392653
298.10,,1781481392664
291.30,,1781481392675
298.90,,1781481392687
364.30,,1781481392698
306.40,,1781481392710
328.90,,1781481392721
242.40,,1781481392733
241.50,,1781481392744
278.40,,1781481392756
295.50,,1781481392767
305.10,,1781481392778
303.70,,1781481392790
307.90,,1781481392801
305.00,,1781481392813
260.90,,1781481392824
349.20,,1781481392836
324.30,,1781481392847
258.50,,1781481392859
297.60,,1781481392870
323.90,,1781481392881
317.90,,1781481392893
279.70,,1781481392904
283.60,,1781481392916
346.10,,1781481392927
290.80,,1781481392939
299.60,,1781481392950
334.80,,1781481392961
319.50,,1781481392973
312.50,,1781481392984
339.20,,1781481392996
263.10,,1781481393007
249.60,,1781481393019
324.10,,1781481393030
252.00,,1781481393042
289.60,,1781481393053
309.20,,1781481393064
312.50,,1781481393076
357.30,,1781481393087
326.50,,1781481393099
223.60,,1781481393110
315.50,,1781481393121
290.60,,1781481393133
271.60,,1781481393144
279.10,,1781481393156
312.10,,1781481393167
314.00,,1781481393179
306.10,,1781481393190
297.80,,1781481393202
324.30,,1781481393213
276.90,,1781481393225
268.30,,1781481393236
331.30,,1781481393247
281.20,,1781481393259
328.00,,1781481393270
310.70,,1781481393282
304.20,,1781481393293
309.70,,1781481393304
317.90,,1781481393316
366.50,,1781481393327
283.90,,1781481393339
297.40,,1781481393350
319.00,,1781481393362
306.60,,1781481393373
302.90,,1781481393385
362.50,,1781481393396
316.20,,1781481393407
307.70,,1781481393419
347.40,,1781481393430
256.60,,1781481393442
323.20,,1781481393453
313.10,,1781481393465
261.30,,1781481393476
297.60,,1781481393487
364.00,,1781481393499
321.00,,1781481393510
310.50,,1781481393522
306.60,,1781481393533
298.90,,1781481393545
321.70,,1781481393556
270.30,,1781481393568
306.60,,1781481393579
345.30,,1781481393590
278.80,,1781481393602
290.90,,1781481393613
304.20,,1781481393625
295.50,,1781481393636
327.60,,1781481393648
317.90,,1781481393659
312.30,,1781481393671
301.80,,1781481393682
361.70,,1781481393694
315.60,,1781481393705
379.60,,1781481393716
327.10,,1781481393728
351.00,,1781481393739
316.20,,1781481393751
334.60,,1781481393762
329.30,,1781481393774
302.00,,1781481393785
310.70,,1781481393796
309.70,,1781481393808
283.40,,1781481393819
324.70,,1781481393831
313.40,,1781481393842
265.10,,1781481393854
323.20,,1781481393865
299.10,,1781481393877
312.00,,1781481393888
365.40,,1781481393900
290.20,,1781481393911
285.80,,1781481393922
335.60,,1781481393934
307.90,,1781481393945
287.60,,1781481393957
304.60,,1781481393968
314.20,,1781481393979
328.70,,1781481393991
274.30,,1781481394002
275.10,,1781481394014
293.50,,1781481394025
312.00,,1781481394036
255.70,,1781481394048
297.20,,1781481394059
284.10,,1781481394071
345.50,,1781481394082
301.10,,1781481394094
309.00,,1781481394105
301.40,,1781481394116
354.20,,1781481394128
312.70,,1781481394139
282.50,,1781481394151
299.40,,1781481394162
314.20,,1781481394174
315.80,,1781481394185
287.40,,1781481394197
268.30,,1781481394208
301.80,,1781481394219
310.90,,1781481394231
311.60,,1781481394242
252.20,,1781481394254
308.10,,1781481394265
266.00,,1781481394277
325.60,,1781481394288
273.20,,1781481394299
256.60,,1781481394311
312.50,,1781481394322
205.00,,1781481394334
293.30,,1781481394345
272.10,,1781481394357
339.80,,1781481394368
306.20,,1781481394380
344.80,,1781481394391
289.80,,1781481394402
326.70,,1781481394414
306.40,,1781481394425
276.00,,1781481394437
293.30,,1781481394448
313.40,,1781481394459
268.60,,1781481394471
314.40,,1781481394482
296.50,,1781481394494
333.00,,1781481394505
278.60,,1781481394517
331.10,,1781481394528
287.60,,1781481394540
338.00,,1781481394551
352.30,,1781481394562
312.70,,1781481394574
382.60,,1781481394585
319.50,,1781481394597
339.10,,1781481394608
308.30,,1781481394619
326.30,,1781481394631
299.10,,1781481394642
277.80,,1781481394654
318.60,,1781481394665
251.10,,1781481394677
300.90,,1781481394688
331.30,,1781481394700
296.30,,1781481394711
345.00,,1781481394723
259.40,,1781481394734
292.00,,1781481394746
282.10,,1781481394757
253.10,,1781481394768
283.20,,1781481394780
322.80,,1781481394791
246.50,,1781481394802
317.70,,1781481394814
296.70,,1781481394825
325.60,,1781481394837
337.60,,1781481394848
317.30,,1781481394860
329.30,,1781481394871
308.30,,1781481394883
293.30,,1781481394894
274.20,,1781481394905
306.10,,1781481394917
301.30,,1781481394929
340.00,,1781481394940
298.10,,1781481394951
319.70,,1781481394963
274.50,,1781481394974
249.30,,1781481394986
307.90,,1781481394997
291.70,,1781481395009
282.80,,1781481395020
301.80,,1781481395031
362.70,,1781481395043
279.50,,1781481395054
356.00,,1781481395066
315.80,,1781481395077
284.70,,1781481395088
297.60,,1781481395100
283.70,,1781481395111
283.00,,1781481395123
245.80,,1781481395134
248.30,,1781481395146
345.00,,1781481395157
293.70,,1781481395168
297.00,,1781481395180
360.30,,1781481395191
303.10,,1781481395203
333.50,,1781481395214
306.80,,1781481395226
303.70,,1781481395237
307.50,,1781481395249
276.00,,1781481395260
319.00,,1781481395272
251.10,,1781481395283
293.00,,1781481395294
367.30,,1781481395306
315.30,,1781481395317
312.70,,1781481395329
292.40,,1781481395340
337.20,,1781481395351
320.40,,1781481395363
289.10,,1781481395374
306.60,,1781481395386
328.90,,1781481395397
313.20,,1781481395409
304.00,,1781481395420
317.30,,1781481395431
306.10,,1781481395443
305.70,,1781481395454
298.70,,1781481395466
300.30,,1781481395477
306.40,,1781481395489
300.50,,1781481395500
304.00,,1781481395512
285.20,,1781481395523
320.10,,1781481395534
313.80,,1781481395546
311.40,,1781481395557
300.90,,1781481395569
302.20,,1781481395580
305.00,,1781481395592
299.20,,1781481395603
305.50,,1781481395615
302.40,,1781481395626
306.80,,1781481395637
305.10,,1781481395649
306.10,,1781481395660
305.10,,1781481395672
302.60,,1781481395683
300.20,,1781481395695
294.60,,1781481395706
304.20,,1781481395717
304.60,,1781481395729
302.70,,1781481395740
281.40,,1781481395752
279.50,,1781481395763
302.70,,1781481395775
296.30,,1781481395786
325.40,,1781481395798
312.00,,1781481395809
307.50,,1781481395820
313.20,,1781481395832
299.80,,1781481395843
323.00,,1781481395855
295.90,,1781481395866
297.90,,1781481395878
307.50,,1781481395889
270.10,,1781481395901
301.30,,1781481395912
292.40,,1781481395923
282.30,,1781481395935
308.60,,1781481395946
313.60,,1781481395958
286.10,,1781481395969
300.90,,1781481395980
283.60,,1781481395992
298.50,,1781481396003
300.70,,1781481396015
317.90,,1781481396026
312.00,,1781481396038
282.80,,1781481396049
308.30,,1781481396061
303.80,,1781481396072
303.70,,1781481396083
300.90,,1781481396095
306.20,,1781481396106
274.30,,1781481396118
310.10,,1781481396129
305.70,,1781481396140
295.70,,1781481396152
301.60,,1781481396163
295.40,,1781481396175
293.70,,1781481396186
301.30,,1781481396198
300.30,,1781481396209
304.60,,1781481396221
308.60,,1781481396232
304.40,,1781481396244
300.50,,1781481396255
289.30,,1781481396266
307.00,,1781481396278
302.60,,1781481396289
263.30,,1781481396301
314.50,,1781481396312
301.80,,1781481396324
255.00,,1781481396335
302.20,,1781481396346
298.10,,1781481396358
299.40,,1781481396369
307.20,,1781481396380
309.60,,1781481396392
297.00,,1781481396404
309.20,,1781481396415
302.90,,1781481396427
309.20,,1781481396438
298.50,,1781481396449
300.20,,1781481396461
285.20,,1781481396473
304.80,,1781481396484
313.10,,1781481396495
296.80,,1781481396507
264.60,,1781481396518
312.90,,1781481396529
305.00,,1781481396541
296.10,,1781481396552
304.80,,1781481396564
298.10,,1781481396575
300.90,,1781481396586
306.20,,1781481396598
300.30,,1781481396609
295.00,,1781481396621
309.40,,1781481396632
305.90,,1781481396644
303.30,,1781481396655
330.00,,1781481396667
305.00,,1781481396678
303.30,,1781481396690
246.70,,1781481396701
297.90,,1781481396712
310.30,,1781481396724
271.80,,1781481396735
